<?xml version="1.0"?>
<pagescount>
	<html_total>10</html_total>
	<html_done>10</html_done>
	<img>68</img>
	<js>4</js>
	<css>4</css>
	<pdf/>
	<doc/>
	<xls/>
	<ppt/>
	<swf/>
	<mp3/>
	<mp4/>
	<wav/>
	<xml/>
	<json/>
	<txt/>
	<fonts>8</fonts>
	<scraping_reload>1</scraping_reload>
	<is_pretty_url>false</is_pretty_url>
	<is_ebn>false</is_ebn>
	<theme_name>134692</theme_name>
	<server_url_front_page>https://www6.waybackmachinedownloader.com/wdo/files/demo/demo.hasthemes.com_tanzhaoyea98.tzy_gmail.com_cuvxjkaoyh3/</server_url_front_page>
	<hosted_domain/>
	<original_archive_url>https://demo.hasthemes.com/gengar/gengar/index-3.html</original_archive_url>
	<final_archive_url>https://demo.hasthemes.com/gengar/gengar/index-3.html</final_archive_url>
	<front_page_code_date/>
	<total_urls_from_api/>
	<search_url_added>false</search_url_added>
	<total_size>7072</total_size>
</pagescount>
